,mean_intensity,std_intensity,median_intensity,voxel_count,percentage
tissue_0,0.5777460750655246,0.15170323651021836,0.587191138473891,23921.0,36.50054931640625
tissue_1,0.8898952964723806,0.08704548162071528,0.8978716834863725,11371.0,17.35076904296875
tissue_2,0.20314375596050283,0.09844227194455163,0.20256365072739616,30244.0,46.148681640625
