,mean_intensity,std_intensity,median_intensity,voxel_count,percentage
tissue_0,0.0,0.0,0.0,38725.0,67.23090277777777
tissue_1,0.42718848605426224,0.07187227219800377,0.4273972602739726,8648.0,15.01388888888889
tissue_2,0.7660560296429373,0.15768374977123437,0.7808219178082192,4880.0,8.472222222222221
tissue_3,0.28197145499588805,0.25532755044210326,0.26301369863013696,5347.0,9.28298611111111
